{"accuracy": [0.2747078537940979, 0.4972454011440277, 0.609098494052887, 0.6692821383476257, 0.7214524149894714, 0.7716193795204163, 0.8037562370300293, 0.8396494388580322, 0.8576794862747192, 0.8867278695106506, 0.8957428932189941, 0.9164440631866455, 0.922120213508606, 0.93772953748703, 0.9490817785263062, 0.9486644268035889, 0.9569281935691833, 0.9606844782829285, 0.9611018300056458, 0.9702003598213196, 0.9721202254295349, 0.9748747944831848, 0.971953272819519, 0.9782136678695679, 0.9792153835296631, 0.9775459170341492, 0.9856427311897278, 0.9806343913078308, 0.9828881621360779, 0.9803004860877991], "loss": [1.977001428604126, 1.4154924154281616, 1.12991201877594, 0.9472743272781372, 0.8093372583389282, 0.6730965375900269, 0.5773870944976807, 0.47929924726486206, 0.42080914974212646, 0.3352585732936859, 0.3053872287273407, 0.24217624962329865, 0.23030522465705872, 0.18455412983894348, 0.150207057595253, 0.14959266781806946, 0.13164517283439636, 0.11169618368148804, 0.11899765580892563, 0.08739472925662994, 0.08579225838184357, 0.07710334658622742, 0.0818338468670845, 0.06479343771934509, 0.06406106054782867, 0.07069806009531021, 0.04333282262086868, 0.058510832488536835, 0.05076950788497925, 0.06007474288344383], "val_accuracy": [0.4464106857776642, 0.5358931422233582, 0.6634390354156494, 0.7151919603347778, 0.7342237234115601, 0.808347225189209, 0.7936561107635498, 0.8056761026382446, 0.8400667905807495, 0.7679466009140015, 0.849081814289093, 0.8601001501083374, 0.8934891223907471, 0.8968280553817749, 0.8754590749740601, 0.9145241975784302, 0.9141902923583984, 0.9051752686500549, 0.9041736125946045, 0.9168614149093628, 0.9158597588539124, 0.8994991779327393, 0.8818029761314392, 0.9215359091758728, 0.9205342531204224, 0.9068447351455688, 0.9155258536338806, 0.9118530750274658, 0.9111853241920471, 0.9068447351455688], "val_loss": [1.5417917966842651, 1.3087786436080933, 0.9607104063034058, 0.8416350483894348, 0.7791057229042053, 0.588670551776886, 0.6185793280601501, 0.6127332448959351, 0.5197505354881287, 0.7710331082344055, 0.501928985118866, 0.45790261030197144, 0.3633962571620941, 0.34019219875335693, 0.42402052879333496, 0.30556225776672363, 0.29817235469818115, 0.3521481454372406, 0.3241484463214874, 0.296207070350647, 0.3282584249973297, 0.35265693068504333, 0.46166473627090454, 0.2937880754470825, 0.2992040812969208, 0.3677555024623871, 0.3497360646724701, 0.37489840388298035, 0.3409081697463989, 0.38989898562431335]}